time in years,beta
,
17,0.45264906421569
15,0.532011126142163
10,0.60628814489807
7,0.613410887205785
5,0.546637230936405
3,0.67025737984152
2,0.645119704301863
1,0.662582009705526
